Time,Velocity,Wheel Angle,Push Button,X Pose,Y Pose,Z Orien,X PF,Y PF,Z Orien PF
0:5.2,0.0,0.5,False,-0.003209108444783037,8.15278786297075e-05,3.009927365318896e-05,0.057215045722507976,0.014369695604278513,-0.007041512234874474
0:5.3,0.0,0.5,False,-0.0032079479141173097,8.158856777651835e-05,3.0020021604860398e-05,0.060280547082249336,0.012680951738405005,0.007593411313164399
0:5.5,0.0,0.5,False,-0.003205634357278341,8.253967454829072e-05,2.912215115975234e-05,0.05955892708516278,0.0066960002942025205,0.009089437204774703
0:5.6,0.0,0.5,False,-0.0032028986005081085,8.341953387501792e-05,2.939535492711439e-05,0.055150252601609204,-0.0014494200209144545,0.0011628929288558753
0:6.7,-77.77777777777777,0.5,False,-0.0031927265491158204,8.816378278221294e-05,2.863203124904396e-05,0.05429765256119114,0.019474501972145588,0.005779354700823778
0:6.8,-973.4709829092026,0.5,False,0.00013874915009192725,0.0001208064837017354,2.765007186147356e-05,0.05894314572849335,0.025762506660553235,0.02117748534763418
0:7.0,-1750.0,0.5,False,0.019923209014803066,0.00023427623246465365,2.7830732472798374e-05,0.059475857254067996,0.012009124681865949,0.016616156612468805
0:7.1,-1750.0,0.5,False,0.04902464870315595,-0.0003796140523777765,2.8553781974893217e-05,0.04856409117563164,0.014254828014491903,0.00880984158805426
0:7.2,-1750.0,0.4084940946678321,False,0.08938789641913428,-0.001166139718248639,-0.004320370508311199,0.04828672685109951,0.013666500804998562,0.005552484552408798
0:7.3,-1750.0,0.35471097528934475,False,0.1414035853507637,-0.0022569618868663165,-0.015286994987352814,0.04794573173767783,0.009394123646529,-0.0014508104118468943
0:7.4,-1750.0,0.2789418119192123,False,0.19638465486507348,-0.0058939315750069984,-0.032579568691175426,0.043707919643068235,0.00824724849925888,-0.01465635036603033
0:7.6,-1750.0,0.17413830757141116,False,0.3049120481974153,-0.019593291398614203,-0.08103099184789142,0.06094323006688601,-0.009495579604725406,-0.05089703648957787
0:7.7,-1750.0,0.16256187955538431,False,0.37736060777297004,-0.03557882826944589,-0.11560654078492257,0.09431930004883493,-0.029628450119679656,-0.10185863609923522
0:7.8,-1750.0,0.15,False,0.4328167026443105,-0.049874469155136346,-0.14369252957642653,0.13269848124296074,-0.028313677933967392,-0.16307697731669585
0:8.0,-1750.0,0.18010901477601793,False,0.5346093835332811,-0.08559547049873763,-0.1946541379347893,0.16035549281701786,-0.028864473287466948,-0.22479235256606916
0:8.1,-1750.0,0.3682371193508307,False,0.578558445688734,-0.10314717342379193,-0.20538072651362205,0.22842121570095827,-0.05598446463619838,-0.27032622195771344
0:8.2,-1750.0,0.47367989495396623,False,0.6201821161312553,-0.12083506810088906,-0.20703399699533992,0.26469959179407343,-0.08279462244206065,-0.31452535689939665
0:8.3,-1750.0,0.3724156551063061,False,0.6644194786372093,-0.1394154406863538,-0.21403263149564283,0.30570418004848604,-0.09878391761871572,-0.35257096732736987
0:8.5,-1750.0,0.21308189630508426,False,0.7426246946781019,-0.1783424594055186,-0.24424994814202403,0.33834985320037736,-0.10900536172190983,-0.36258221513234806
0:8.6,-1750.0,0.2198786842823029,False,0.7993133613001018,-0.2105674734187064,-0.26930189616678246,0.3742219454649735,-0.12981922221053477,-0.3932285928746553
0:8.7,-1750.0,0.35824939385056503,False,0.8399372921105472,-0.2354321934347225,-0.27945583011754815,0.42110302853025494,-0.16011848077598245,-0.4237317229525783
0:8.8,-1750.0,0.46943085342645646,False,0.8790116187618939,-0.2605136823529949,-0.28094343671349986,0.4734843875750957,-0.1834469725459229,-0.4446932319713491
0:9.0,-1750.0,0.4814673531800509,False,0.9678248933301188,-0.31621176975568843,-0.28370500901282614,0.49571213790101853,-0.21737454782229088,-0.49652734760888434
0:9.1,-1750.0,0.44161190550242146,False,1.0126194102350596,-0.3442726602293025,-0.2877746059003585,0.5112737710038553,-0.21354613307420706,-0.5190303612080674
0:9.2,-1750.0,0.4333503157814344,False,1.057295588287428,-0.37261388180224586,-0.29172762791510387,0.5396510160414134,-0.2340220449457872,-0.5241606826922258
0:9.3,-1750.0,0.5,False,1.0996537047294173,-0.4006940765435514,-0.2917281502572795,0.5808456780534497,-0.25897457229657944,-0.5289768311285616
0:9.5,-1750.0,0.5,False,1.1830770832080466,-0.45812365954710843,-0.2917288211600954,0.6124807709804334,-0.29974458367071494,-0.5531116115569853
0:9.6,-1750.0,0.5,False,1.2250668615205376,-0.4860659883733096,-0.2917282515488542,0.643965766944459,-0.3263082206380149,-0.5629023182034182
0:9.7,-1750.0,0.5,False,1.2665192586366363,-0.5123090133614002,-0.2917287285843309,0.6546395875294508,-0.3416360089115068,-0.5788144375920827
0:9.8,-1750.0,0.5444416364388805,False,1.3092073445081014,-0.5403565674992874,-0.28896343581074013,0.6660747712407866,-0.3622071251617841,-0.5751715403568867
0:10.0,-1750.0,0.5965803983807563,False,1.3914083314273669,-0.5935300576816689,-0.27665700465782606,0.6813722537525999,-0.3937235031467019,-0.583962713504887
0:10.1,-1750.0,0.5971472159028054,False,1.4333698001671284,-0.6183164913562624,-0.2703211442995631,0.6894553731294303,-0.4395109705447072,-0.5874158749755954
0:10.2,-1750.0,0.6240564063191413,False,1.4746818129703791,-0.6443347331408305,-0.25996051835976614,0.7020847174877275,-0.478728762509236,-0.5819113973733848
0:10.3,-1750.0,0.7584606379270553,False,1.5171495655237832,-0.6690531494973946,-0.24250508425507378,0.7181983375462524,-0.5211617143383638,-0.5737098408866371
0:10.5,-1750.0,0.7994381189346313,False,1.6033997573716827,-0.7111784920720947,-0.20226914422143796,0.7229834316846409,-0.5516443611295805,-0.5639638373619473
0:10.6,-1750.0,0.7649790525436401,False,1.6490152655592503,-0.729815996001917,-0.1837209488661122,0.7503274707787249,-0.5621463274852482,-0.534698688196351
0:10.7,-1750.0,0.7653821255479539,False,1.6939910633750523,-0.7456251336516768,-0.1661798951643705,0.7608025982846346,-0.5709959925748207,-0.5079330224948595
0:10.8,-1750.0,0.7933003902435302,False,1.738784305737712,-0.7617721735669913,-0.1463196368365513,0.78023441713545,-0.5904917904867719,-0.4782974315125926
0:11.0,-1750.0,0.8277636448542276,False,1.8332877191074997,-0.7859323776938438,-0.10148121734264506,0.8144275934735135,-0.6039879968101329,-0.43225766765791857
0:11.1,-1750.0,0.8223316490650178,False,1.8788032493681097,-0.7950348098502831,-0.07996487952231845,0.8562784311722034,-0.6423334726913599,-0.4012912778596894
0:11.2,-1750.0,0.8223316490650178,False,1.9244417391596305,-0.800920147971689,-0.05869108186277981,0.8867871133487464,-0.6813020349575262,-0.37382989142264417
0:11.3,-1750.0,0.82176482796669,False,1.9732568099953736,-0.8063772040283982,-0.03632484091626416,0.9147107336379722,-0.7072839733517065,-0.3298928140893387
0:11.5,-1750.0,0.8209145963191986,False,2.0752540401309005,-0.8103015572295518,0.008957200848061973,0.9265921421659058,-0.7267013982050077,-0.3019989294462993
0:11.6,-1750.0,0.8315403461456299,False,2.110778150731936,-0.8090084489532712,0.025804378372801764,0.9521254829834954,-0.7444236613571559,-0.26082156320633104
0:11.7,-1750.0,0.844492643220084,False,2.179784850410833,-0.8021936670172172,0.05937512102895185,1.0021710056255266,-0.7554844630812412,-0.20588854179039892
0:11.9,-1750.0,0.85,False,2.2629354477312478,-0.7882087309003938,0.101322152301142,1.0588403991923054,-0.7683271027367894,-0.1453382920965177
0:12.1,-1750.0,0.8499999999999999,False,2.3740973842318702,-0.7584375923559806,0.15807919449305358,1.1758396462640706,-0.7963320917387748,-0.031686907666134245
0:12.2,-1750.0,0.8499999999999999,False,2.4233943722298537,-0.7416006985217496,0.1833603881582015,1.2214950129096587,-0.8106272464425289,0.01387450645358528
0:12.3,-1750.0,0.85,False,2.471273774294292,-0.7227209343091088,0.20820296989776055,1.2640366152213613,-0.813050102162722,0.06235491499119947
0:12.5,-1750.0,0.551045278851986,False,2.5659608842113353,-0.6777859968105595,0.22604241143686316,1.3008724433933043,-0.8131706681709399,0.10573059735219538
0:12.6,-1750.0,0.5,False,2.6136410716510987,-0.6544533990393181,0.22604295810788516,1.3521237173707439,-0.8067434534251202,0.14939996451829482
0:12.7,-1750.0,0.5,False,2.6637145239902456,-0.6312710155664929,0.22604225323384852,1.3946975495623501,-0.8059490887298366,0.1783556593016216
0:12.8,-1750.0,0.5,False,2.712355302883797,-0.6080234557466788,0.22604202761689302,1.4379565109301757,-0.7970188232663731,0.1913300648335923
0:13.0,-1750.0,0.5540397108811885,False,2.8100057628962514,-0.5607378178481962,0.22997765857512503,1.4771497366464328,-0.7954829003786849,0.19667801543123903
0:13.1,-1750.0,0.7557703524827958,False,2.8564943917333423,-0.535634155878857,0.2474913702169582,1.507979925926717,-0.7990062421174745,0.2078857913881773
0:13.2,-1750.0,0.8005824634007045,False,2.9006665735849,-0.5101092547446581,0.2683701694443589,1.5685121265882964,-0.788773204346333,0.20710876457586017
0:13.3,-1750.0,0.7996715009212493,False,2.9296917754544256,-0.4920714653675347,0.2825277972569126,1.6381014347965952,-0.7668248127479307,0.23643295888466587
0:13.5,-1750.0,0.5,False,3.0186162467823037,-0.4297371594717774,0.29892437399418925,1.6781609142068827,-0.743774252933276,0.2805356782570503
0:13.6,-1750.0,0.5,False,3.0567296883435597,-0.4029107329782804,0.29892471796086917,1.744363829407223,-0.7163600185433152,0.32351830204641735
0:13.7,-1750.0,0.4957338973879814,False,3.094496200312453,-0.37643474132529325,0.29842571058903755,1.8051028540447984,-0.6891921940064762,0.3585792766584028
0:13.8,-1750.0,0.39507370740175246,False,3.137250017557413,-0.34704733773342,0.29102245352062933,1.8656215284746116,-0.6710221369499042,0.36941053428099396
0:14.0,-1750.0,0.3152950286865235,False,3.2283769410431615,-0.28751529895688827,0.26530436302083193,1.9177803483867466,-0.6526844565356893,0.3744870276897143
0:14.1,-1750.0,0.3143503308296204,False,3.2741649087823923,-0.26105291890925797,0.2519664718052993,1.9820630694560835,-0.6239161403191565,0.36343907397665176
0:14.2,-1750.0,0.31482267975807193,False,3.323006265716978,-0.23439522574450586,0.2384199109314849,2.0376868716883365,-0.59230824363536,0.34336370542605066
0:14.3,-1750.0,0.32264478121485035,False,3.3685628688393967,-0.21308822426672155,0.2263370554685468,2.072762805612487,-0.5653435150391096,0.31717244554442736
0:14.5,-1750.0,0.35400244891643523,False,3.452680605507404,-0.17392085993897427,0.20664623713288688,2.1217065838159894,-0.536426239804167,0.2948479976609508
0:14.6,-1750.0,0.3518768832087517,False,3.499726410142104,-0.15334107791618323,0.19614944856426347,2.1735820855533183,-0.5007207971361542,0.2681393409200326
0:14.7,-1750.0,0.3548121882336481,False,3.544189294177613,-0.13509045909468304,0.1864651775829224,2.219806423389151,-0.4655446831175017,0.25515796506767763
0:14.8,-1750.0,0.35471097081899644,False,3.590226456465576,-0.11735619255354579,0.17668669993276503,2.2756089041622487,-0.4459264197522739,0.22222402499758645
0:15.0,-1750.0,0.41773175895214076,False,3.6846985816503466,-0.08541801425396939,0.1620259996015766,2.346316407441365,-0.41838475366563865,0.20866058702362
0:15.1,-1750.0,0.4226914152503014,False,3.727144067096723,-0.07128053289023314,0.15704323367918802,2.4125076754670003,-0.39582720618449996,0.19712977828254732
0:15.2,-1750.0,0.3974818462133408,False,3.7763240809726595,-0.05477373202766868,0.14927761752430296,2.483370144505224,-0.36870722964159625,0.17565146326289374
0:15.4,-1750.0,0.38020101785659793,False,3.8747280069880583,-0.026461448454457588,0.13326431929248794,2.5488221954192944,-0.3372617588065327,0.1625261180605031
0:15.5,-1750.0,0.5,False,3.921848846177827,-0.013754493981668356,0.1332638136044101,2.604410828907046,-0.29682091447183845,0.14618874835227263
0:15.6,-1750.0,0.5,False,3.9717681123897943,0.0005072726725107125,0.13326281232563958,2.6760065592820763,-0.24211440877281015,0.13746046544024398
0:15.7,-1750.0,0.5,False,4.018100021018251,0.014319177581120904,0.13326144618131774,2.707166657230954,-0.22808876443022807,0.14200973660786131
0:15.8,-1750.0,0.5,False,4.052877574144478,0.023564598635770463,0.13326087545177115,2.752038557892002,-0.21586375046591358,0.12181552919783517
0:16.0,-1750.0,0.5474002273753286,False,4.141680695564185,0.04696654272814354,0.13628353026691176,2.7848732650868615,-0.20007085421605536,0.11359640005479985
0:16.1,-1750.0,0.5715137907862664,False,4.204873438917126,0.06493473366851932,0.14288778855371292,2.829106212441995,-0.17782904347322445,0.1139769134309684
0:16.2,-1750.0,0.6870792865753174,False,4.255580690184927,0.08059450001588099,0.15565597818167107,2.8835020433743646,-0.14404308030551136,0.11667538769739456
0:16.4,-1750.0,0.7059003523417882,False,4.322387185829804,0.10444364653214036,0.17473246490662178,2.911423196084391,-0.13073850625206335,0.11267133133450002
0:16.5,-1750.0,0.7263771399855614,False,4.388300056365002,0.13043249609658747,0.19654597931576118,2.938428465807937,-0.09956146192242585,0.16433181396075372
0:16.6,-1750.0,0.723195070028305,False,4.433988652265755,0.1506252957973375,0.21182540719827758,3.0077666431654615,-0.060163410235338985,0.18233446663797484
0:16.7,-1750.0,0.7168246626853942,False,4.478638362005572,0.17194331296908408,0.22626462822849552,3.0667941283658107,-0.029873999814049368,0.21391549479254474
0:16.8,-1750.0,0.7175331830978394,False,4.513129231477514,0.1906763844520339,0.2377593924099967,3.1097097915542675,-0.021333122833446377,0.21167366122964232
0:17.0,-1750.0,0.7469901192188264,False,4.589200291922889,0.23321015687438384,0.2651193143996279,3.129003677637426,-0.010943307459105073,0.25254281412881113
0:17.1,-1750.0,0.7483865584645953,False,4.641383775347248,0.26527596381675933,0.2859092394756182,3.1770736213777124,0.011661477005829188,0.2797954753132178
0:17.2,-1750.0,0.7587794765830039,False,4.682001429697365,0.2924537856478848,0.30255232471128735,3.2191635688571867,0.022753366190552113,0.30368193218398387
0:17.4,-1750.0,0.7656875729560851,False,4.761361025638329,0.3531697335983728,0.3382309968133055,3.245411015505026,0.02773903687237457,0.33067495767116006
0:17.5,-1750.0,0.7665985277720859,False,4.819077845616514,0.4038379039316123,0.3648559652134439,3.29887871229589,0.032815693579571426,0.35699371611055075
0:17.6,-1750.0,0.7663960933685302,False,4.853803098811122,0.4368439231712448,0.3815522971288563,3.3477641776682026,0.047415069833898746,0.37436655861407
0:17.7,-1750.0,0.762617305914561,False,4.886703995091061,0.4719458744440448,0.3982508181131094,3.3972501175639533,0.06448676639473638,0.41313524189456197
0:17.9,-1750.0,0.750808608531952,False,4.949605790128366,0.5460259660876552,0.42947538142815533,3.4200696852714856,0.06110820167854644,0.43331696272116627
0:18.1,-1750.0,0.750808608531952,False,5.002976048684427,0.6133771494280532,0.456463436670695,3.4760557546899564,0.11737787215197795,0.5081005515364372
0:18.2,-1750.0,0.7503376543521881,False,5.039642565380017,0.6660762258756745,0.4763854921168034,3.5012626559679294,0.1455002027705083,0.5454345423889853
0:18.4,-1750.0,0.7495975834982735,False,5.089243571127421,0.7482043927060793,0.5055753832551991,3.5249441001275734,0.1950507415967919,0.5712141566117294
0:18.6,-1750.0,0.750808608531952,False,5.124687124596098,0.8170443069134253,0.5289574079056156,3.5260735202255975,0.2581895150880662,0.6354017729552366
0:18.7,-1750.0,0.750808608531952,False,5.152876371663435,0.8765347884165909,0.548712473581327,3.5344831763935147,0.3534184173575202,0.6711869658348677
0:18.9,-1750.0,0.7503847497701646,False,5.194791908556343,0.9826412605805899,0.5822970342547907,3.5600880583292307,0.46773723252390936,0.7166015793070543
0:19.0,-1750.0,0.7501021772623062,False,5.2100468539993825,1.028895367770502,0.5962928230104327,3.599706907234138,0.5201176214657607,0.7539444395906545
0:19.1,-1750.0,0.7493957459926605,False,5.2236421956819505,1.074084033993888,0.609670811471505,3.6196031369691744,0.5673150148937387,0.7839552416875959
0:19.2,-1750.0,0.7503847497701646,False,5.235732262369357,1.1246018004370428,0.6243060186976255,3.610409102138177,0.6140738196398123,0.8096561926917101
0:19.4,-1750.0,0.750808608531952,False,5.252808938987453,1.2220824042406488,0.6512228038673636,3.596935115250241,0.6646876139401006,0.8347309626628999
0:19.5,-1750.0,0.7502030960151128,False,5.258092282272608,1.2713931108774748,0.6642759218896463,3.5724147419276173,0.7382853838650479,0.8590996967534028
0:19.6,-1750.0,0.7501021772623062,False,5.26235884825379,1.3205709843181734,0.6772197445527948,3.5452238087494834,0.8289447630057795,0.886169886146666
0:19.7,-1750.0,0.7550597310066224,False,5.264948241546205,1.3567792420439757,0.6871917303694637,3.524621296311821,0.9013916640331086,0.9035562562447632
0:19.9,-1750.0,0.7588385065396628,False,5.2663654083182765,1.4365717712213537,0.7076747170624322,3.4977253587601504,0.9642351536373569,0.9187743613488947
0:20.0,-1750.0,0.7574889438492912,False,5.265865479637361,1.4873686714837757,0.7207585587721859,3.4715202054853305,0.9866097026132306,0.9405784057347834
0:20.1,-1750.0,0.7562743374279568,False,5.2635052272299205,1.5346668055353376,0.7327529910579691,3.436278066270992,1.0119725423408668,0.9557827245975954
0:20.2,-1750.0,0.7508106976747513,False,5.258753988813688,1.586192390119729,0.7451716061595484,3.3690536847214103,1.0451400751048925,0.9659849597223593
0:20.3,-1750.0,0.7486893147230148,False,5.253017786200159,1.626204173052947,0.7543496658168775,3.3200974847187137,1.072855580266372,0.9720693013722266
0:20.5,-1750.0,0.7182417035102845,False,5.232064175736845,1.7413807952426794,0.7788404565057061,3.2887570424753285,1.0949728047832301,0.9821247559527245
0:20.6,-1750.0,0.5488221091270447,False,5.220325487230324,1.7932690169513017,0.7804967288556273,3.233598192201948,1.112615493951471,0.9901166509371304
0:20.7,-1750.0,0.5,False,5.211072151342108,1.8409849344154372,0.7804973521036259,3.174640115291095,1.1321945322922986,0.9955871723613546
0:20.9,-1750.0,0.5,False,5.190098699238487,1.9424372542275967,0.7804970655577721,3.0938192530129127,1.1736979881763636,0.9978892374828209
0:21.0,-1750.0,0.5,False,5.177918894908752,1.9961602098536704,0.7804969515943668,3.036457844278578,1.2247367570258527,0.9990764149511459
0:21.1,-1750.0,0.5,False,5.164886765501194,2.0467261000859063,0.7804970442672485,3.002773174287598,1.262934095820805,0.9988153306019748
0:21.3,-1750.0,0.5,False,5.142783338907526,2.1461631689554315,0.7804969177052723,2.9994114860445285,1.2695877774920248,0.998910894039168
0:21.4,-1750.0,0.5581836007535458,False,5.13181658021046,2.196386350840058,0.7829939348702633,2.9501252623988723,1.2808286295855058,0.9996545454213165
0:21.5,-1750.0,0.6183903187513352,False,5.121316833557861,2.243933211415644,0.7879251613926056,2.9149970469961684,1.2887711939425066,0.9988646407422447
0:21.6,-1750.0,0.5558873486586979,False,5.1118497537467205,2.279419133390363,0.7890819093692135,2.869776935029288,1.2879004281201467,0.9988767530421176
0:21.7,-1750.0,0.5,False,5.097917534664118,2.3354802421411938,0.7890818140685043,2.817157807878127,1.2815302320025668,0.9995038061827272
0:21.9,-1750.0,0.5,False,5.073895784576716,2.4294113284916037,0.7890828308894913,2.749661217173395,1.2921609448863394,0.9995926281544787
0:22.0,-1750.0,0.5,False,5.062085629866031,2.4801618385828483,0.7890827454124191,2.674484798358459,1.3013403178837557,0.9997012260314834
0:22.1,-1750.0,0.5,False,5.050756278144697,2.5260437002107192,0.7890825789321907,2.640984395119857,1.3050281184121542,0.9997150133955761
0:22.2,-1750.0,0.5,False,5.037734448454074,2.5755526715586643,0.7890824797481805,2.5783229280022137,1.2888827445458546,-0.99999962256656
0:22.4,-1750.0,0.5,False,5.013386345943476,2.6708930742128905,0.7890822285151083,2.5259115181258145,1.2885739910222396,0.9999958245555854
0:22.5,-1750.0,0.5,False,5.00173949869559,2.7185808102604225,0.7890820922361134,2.47172053699062,1.2939363767326013,0.9999216688062399
0:22.6,-1750.0,0.5,False,4.988815306551103,2.7667219658342868,0.7890821855857363,2.4338412395456057,1.289266871754582,0.9998101352571696
0:22.8,-1750.0,0.5,False,4.964941382476062,2.8652131651188735,0.7890822311108943,2.3775423791026102,1.2837367532228476,0.9999345606549419
0:22.9,-1750.0,0.5,False,4.952220917043238,2.9127944674931703,0.7890824551831613,2.3210307341267855,1.2816437770820979,0.9999917638567762
0:23.0,-1750.0,0.5213784163551672,False,4.939701305494744,2.9599132898022793,0.7897665502652054,2.2863898422200757,1.2707874382401823,0.9999081829561283
0:23.1,-1750.0,0.5256241619586944,False,4.930682371079835,2.9943278289548725,0.7905794900914844,2.240931693336269,1.263820343956895,0.9999525165293494
0:23.2,-1750.0,0.5268387722117561,False,4.9207053103107325,3.0312800233995434,0.7915134443664353,2.2000321021838327,1.2596686180172352,0.9999058420188139
0:23.4,-1750.0,0.5177381791174411,False,4.888072918597654,3.153679154174477,0.7936623537016777,2.1345944174752574,1.2552225181607966,0.9999904223106982
0:23.5,-1750.0,0.5447437919676303,False,4.874780864855122,3.201359072868917,0.79567525902503,2.0343296587276565,1.241691194019459,-0.9999810883350848
0:23.6,-1750.0,0.5987084835767745,False,4.861132507825852,3.251003458822276,0.7998945090597679,1.9446800298210052,1.2271747410616685,-0.9999040684870384
0:23.9,-1750.0,0.6040689388146768,False,4.821980166097545,3.3744009530406522,0.8112004832171591,1.8594030215511705,1.2193650046403905,-0.9996151596367328
0:24.0,-1750.0,0.6049409657716751,False,4.79680488896945,3.446776128865522,0.8176454087596434,1.8101068074456124,1.2145050685333474,-0.999128663114788
0:24.1,-1750.0,0.6039287916251591,False,4.779067006746015,3.4939326398736203,0.8217256437879465,1.7483496365732036,1.2098661641506634,-0.9978402527911301
0:24.2,-1750.0,0.6025792260964713,False,4.761542145698212,3.541393950223915,0.825784761056462,1.7071632239299666,1.2015801381827638,-0.9975583598768932
0:24.4,-1750.0,0.6035239219665527,False,4.72411997397732,3.632471985450315,0.8335830684448804,1.6552823463903963,1.1921878860761763,-0.9948948499504963
0:24.5,-1750.0,0.6049409657716752,False,4.708436581332357,3.6684670230578007,0.8368215510759218,1.5984852991796998,1.189962508569153,-0.9932117599081657
0:24.6,-1750.0,0.6028154000639915,False,4.681843670692286,3.7264140315998397,0.8417659961026386,1.5507540588795372,1.1882041779917611,-0.9946136475454607
0:24.8,-1750.0,0.6035239219665527,False,4.640334463551319,3.8119766052819797,0.8491519733990291,1.515715531120588,1.189061721495526,-0.993725029019744
0:24.9,-1750.0,0.6051434006009783,False,4.617218945340489,3.856518505141068,0.852916732962768,1.4738774795986032,1.1906235088494832,-0.9939899184394193
0:25.0,-1750.0,0.6042324438691139,False,4.594365250743385,3.899252800974728,0.8566770391919685,1.415345098043881,1.1782651526814085,-0.9912357489593104
0:25.1,-1750.0,0.6033822175860407,False,4.570427919580553,3.9442356272503467,0.8604537292866904,1.3684683696887372,1.1557661047627974,-0.9882781842297803
0:25.3,-1750.0,0.526235060606684,False,4.520413359897521,4.035863744597511,0.8640551628961131,1.307712432553495,1.1357180586682616,-0.9839143933069886
0:25.4,-1750.0,0.5050895822700113,False,4.495540126975346,4.079896818562209,0.8640554769378703,1.2543499805533387,1.119496266104066,-0.9850564267094096
0:25.5,-1750.0,0.5420160100928375,False,4.471162810347138,4.1221575092427205,0.8653047579274743,1.2094489083260698,1.106029204734881,-0.9851021153275835
0:25.6,-1750.0,0.5900661826133728,False,4.446070029021689,4.164886555097546,0.8684685728244099,1.1706107216471522,1.0899066171074283,-0.984504061751061
0:25.8,-1750.0,0.5984630435705185,False,4.39454027649332,4.249930703187372,0.8752087351435435,1.1194498873023584,1.0604293595066225,-0.9823413301580072
0:25.9,-1750.0,0.6006898313760757,False,4.369559678015166,4.2908572250558485,0.8785282683435078,1.0719078079279478,1.0399410850773034,-0.9816828275348483
0:26.0,-1750.0,0.6046575570106507,False,4.342265719392984,4.333029955268259,0.882021965005712,1.0428246834128903,1.034648985922347,-0.9775655200673149
0:26.2,-1750.0,0.5984630435705185,False,4.284924585710067,4.418025777813792,0.8886034099803028,0.9748826469761119,1.0428220801685328,-0.9735800741685874
0:26.3,-1750.0,0.5756679410735767,False,4.254993366337677,4.459499806640586,0.8911161537682,0.9060860514918914,1.0607634535382982,-0.975937825034063
0:26.4,-1750.0,0.5014386992901564,False,4.226584185888264,4.5004194941999085,0.8914702462712949,0.855906961058917,1.0479928990841307,-0.9715413281684012
0:26.5,-1750.0,0.5,False,4.196864211503623,4.54083774331386,0.8914696733398046,0.816915871662717,1.0321327601234804,-0.9699383865616737
0:26.6,-1750.0,0.5,False,4.16926457214716,4.579524355584795,0.8914690349194259,0.7572528852793144,0.9944841627711977,-0.9675320310334189
0:26.8,-1750.0,0.5,False,4.110865737738493,4.660510578316851,0.8914685461268335,0.6768333578668295,0.9539497731871565,-0.9654864987724032
0:26.9,-1750.0,0.5,False,4.0839031473735785,4.696832674546138,0.8914684260736854,0.6162839950664433,0.9249182534184294,-0.9652694430436328
0:27.0,-1750.0,0.5,False,4.055103367682388,4.735295963631803,0.8914683933802727,0.5678301912606931,0.893887114022706,-0.9647999990944922
0:27.1,-1750.0,0.5,False,4.027438715202924,4.773340093152832,0.8914684474413959,0.537633398477279,0.8764472806623126,-0.9638675293035133
0:27.3,-1750.0,0.5,False,3.9638705037826365,4.859255718895479,0.8914679504397464,0.5054126139660267,0.8572262636370622,-0.963109693446697
0:27.4,-1750.0,0.5,False,3.93149388487155,4.903633121405701,0.8914680199771248,0.4562164130484735,0.8368654640563782,-0.9641675865321114
0:27.5,-1750.0,0.5,False,3.8986720781752426,4.947953272495498,0.8914675263572067,0.4294316118444993,0.82726610874548,-0.9629100326363943
0:27.7,-1500.4094138741493,0.5,False,3.838197930987956,5.030500995522706,0.8914674772326179,0.36256221551866835,0.793644852224281,-0.9608961458263282
0:27.8,-1494.9391931295395,0.5,False,3.809076047796462,5.071478931093624,0.8914676131217678,0.2795906544484543,0.6993590973238857,-0.9518141074981349
0:27.9,-709.6425618728002,0.5,False,3.7831878545274518,5.107790398054064,0.8914675535472356,0.2055483615554001,0.6594141210969242,-0.948552044526216
0:28.0,0.0,0.5,False,3.7750386558502393,5.1192905739172065,0.8914673667348403,0.1418135469069241,0.6335297235581654,-0.9468687037875229
0:28.1,0.0,0.5,False,3.7737720917368267,5.120916881755219,0.8914666774070918,0.08069714031995501,0.6024446232805514,-0.9505455691332929
0:28.3,0.0,0.5,False,3.7726012844018424,5.122537844258559,0.8914668271501303,0.024673252827373676,0.5674356826740473,-0.950134548090924
0:28.4,0.0,0.5,False,3.7723116183673384,5.122931812246928,0.891466823484052,-0.024883603772480056,0.5168133712073701,-0.9492744622510776
0:28.8,0.0,0.5,False,3.7712845249975744,5.124365444514092,0.8914671296655851,-0.08974817849873885,0.4311780927534135,-0.9413415315424848
0:29.0,0.0,0.5,False,3.7710318433630636,5.124711231897711,0.891467682734555,-0.11730878730799618,0.3215160685367511,-0.931943360713161
0:29.1,0.0,0.5,False,3.770924299889975,5.1248590750883425,0.8914675077699775,-0.12677793743526763,0.26320686574606456,-0.9282850168900033
0:29.3,0.0,0.5,False,3.7706616569247706,5.125216214551999,0.8914678595585774,-0.1344140512645526,0.2343769036163458,-0.9279720998711902
0:29.5,0.0,0.5,False,3.770432301804106,5.125527555657947,0.8914676163323433,-0.13103302516755627,0.20641537486571865,-0.9253371287222891
0:29.8,0.0,0.5,False,3.7701100707488115,5.125980760640606,0.8914669937202525,-0.14128392546776614,0.17316411305389914,-0.9236334598948995
0:29.9,0.0,0.5,False,3.7700270962489384,5.126095239007286,0.8914665577430857,-0.1373994389475239,0.16356687908715142,-0.9245690666950852
0:30.0,0.0,0.5,False,3.7699642776736355,5.126181198537254,0.8914670989129618,-0.1368773094930113,0.15970085591990504,-0.9248309252539255
0:30.2,0.0,0.5,False,3.7698921323246837,5.12628234419957,0.8914673081346924,-0.13003519195999802,0.15323304803872304,-0.9230035779130212
0:30.5,0.0,0.5,False,3.769709836977266,5.1265390506255155,0.8914670591210169,-0.12844669915721904,0.14483251099284755,-0.9200024096673582
0:30.7,0.0,0.5,False,3.7695270627850004,5.126794189244018,0.8914674997588137,-0.11835211561950601,0.14553168618125395,-0.9193821776946364
0:30.9,0.0,0.5,False,3.7694557450058497,5.126891621967101,0.891467411360561,-0.12754200853760292,0.13897991898339956,-0.9214536172097981
0:31.0,0.0,0.5,False,3.7693997247870556,5.126970602533803,0.8914671133184848,-0.1244337532362505,0.12511176051046968,-0.9222443714798355
0:31.2,0.0,0.5,False,3.769297320105318,5.127109823567087,0.891467065872322,-0.12236784688079935,0.12676058223294617,-0.9214549738282872
0:31.3,0.0,0.5,False,3.7692352963203968,5.127194875549543,0.8914669898059222,-0.1208445764098855,0.11778940125767229,-0.9211886053358764
0:31.4,0.0,0.5,False,3.7692157789168563,5.127222603688897,0.8914669709004548,-0.12478268606546523,0.109865788002711,-0.9217915981988405
0:31.5,0.0,0.5,False,3.769180823108882,5.127272070819009,0.8914673576695604,-0.12054407612493727,0.11579232935119126,-0.922115891451873
0:31.7,0.0,0.5,False,3.7691170497415944,5.127361130814744,0.8914675225858468,-0.11083787691566255,0.10907631177111198,-0.9212549246560081
0:31.8,0.0,0.5,False,3.769078408937686,5.127413946848836,0.8914679494913745,-0.10436402542495823,0.09876064131338787,-0.9188914254101989
0:31.9,0.0,0.5,False,3.769034811299908,5.12747292987464,0.8914682585505296,-0.1027375422879725,0.09854554774838294,-0.9213179936768061
